commodity_id,commodity_name,model_name,forecast_horizon,mae,rmse,mape_pct,wape_pct,r2_score,split
emergency,Emergency,Naive Persistence,1h,4.87,10.63,56.63,42.34,0.7077,Test (15% Chronological Holdout)
emergency,Emergency,Moving Average (24h),1h,8.19,18.8,116.4,71.23,0.0864,Test (15% Chronological Holdout)
emergency,Emergency,Ridge Regularized,1h,5.99,17.27,57.71,52.12,0.2287,Test (15% Chronological Holdout)
emergency,Emergency,Gradient Boosted Trees,1h,11.39,14.4,268.85,99.03,0.4637,Test (15% Chronological Holdout)
emergency,Emergency,Naive Persistence,24h,10.88,27.0,113.95,94.94,-0.8824,Test (15% Chronological Holdout)
emergency,Emergency,Moving Average (24h),24h,11.29,24.52,165.52,98.54,-0.5527,Test (15% Chronological Holdout)
emergency,Emergency,Ridge Regularized,24h,10.13,23.38,144.7,88.39,-0.4116,Test (15% Chronological Holdout)
emergency,Emergency,Gradient Boosted Trees,24h,18.97,23.52,395.03,165.56,-0.4289,Test (15% Chronological Holdout)
food,Food,Naive Persistence,1h,3603.76,6289.37,281.06,132.77,-1.0584,Test (15% Chronological Holdout)
food,Food,Moving Average (24h),1h,2655.17,4358.6,242.48,97.82,0.0114,Test (15% Chronological Holdout)
food,Food,Ridge Regularized,1h,1844.44,3877.79,102.29,67.95,0.2175,Test (15% Chronological Holdout)
food,Food,Gradient Boosted Trees,1h,3193.88,4219.38,379.9,117.67,0.0736,Test (15% Chronological Holdout)
food,Food,Naive Persistence,24h,1119.86,3254.57,52.4,41.68,0.448,Test (15% Chronological Holdout)
food,Food,Moving Average (24h),24h,2726.69,4501.19,264.17,101.49,-0.0559,Test (15% Chronological Holdout)
food,Food,Ridge Regularized,24h,1201.43,2825.63,78.4,44.72,0.5839,Test (15% Chronological Holdout)
food,Food,Gradient Boosted Trees,24h,3123.63,4328.82,391.49,116.27,0.0234,Test (15% Chronological Holdout)
fuel,Fuel,Naive Persistence,1h,195.51,427.42,56.93,42.49,0.7049,Test (15% Chronological Holdout)
fuel,Fuel,Moving Average (24h),1h,327.63,751.81,116.92,71.19,0.0871,Test (15% Chronological Holdout)
fuel,Fuel,Ridge Regularized,1h,240.31,694.31,57.09,52.22,0.2214,Test (15% Chronological Holdout)
fuel,Fuel,Gradient Boosted Trees,1h,473.4,608.55,276.54,102.87,0.4019,Test (15% Chronological Holdout)
fuel,Fuel,Naive Persistence,24h,434.75,1079.6,113.58,94.8,-0.8805,Test (15% Chronological Holdout)
fuel,Fuel,Moving Average (24h),24h,451.62,981.12,165.65,98.48,-0.5531,Test (15% Chronological Holdout)
fuel,Fuel,Ridge Regularized,24h,402.86,939.47,143.32,87.85,-0.424,Test (15% Chronological Holdout)
fuel,Fuel,Gradient Boosted Trees,24h,752.23,933.13,391.81,164.03,-0.4049,Test (15% Chronological Holdout)
hygiene,Hygiene,Naive Persistence,1h,73.39,161.59,56.74,42.5,0.7018,Test (15% Chronological Holdout)
hygiene,Hygiene,Moving Average (24h),1h,123.14,282.81,117.16,71.31,0.0867,Test (15% Chronological Holdout)
hygiene,Hygiene,Ridge Regularized,1h,90.82,263.38,56.97,52.6,0.2079,Test (15% Chronological Holdout)
hygiene,Hygiene,Gradient Boosted Trees,1h,170.52,218.1,268.02,98.75,0.4569,Test (15% Chronological Holdout)
hygiene,Hygiene,Naive Persistence,24h,163.51,406.27,114.14,95.03,-0.8827,Test (15% Chronological Holdout)
hygiene,Hygiene,Moving Average (24h),24h,169.77,369.05,166.06,98.67,-0.5535,Test (15% Chronological Holdout)
hygiene,Hygiene,Ridge Regularized,24h,152.17,352.73,144.94,88.43,-0.4191,Test (15% Chronological Holdout)
hygiene,Hygiene,Gradient Boosted Trees,24h,283.13,352.32,403.95,164.55,-0.4158,Test (15% Chronological Holdout)
infra_materials,Infra_materials,Naive Persistence,1h,9.72,21.17,56.75,42.24,0.7091,Test (15% Chronological Holdout)
infra_materials,Infra_materials,Moving Average (24h),1h,16.4,37.53,117.23,71.26,0.0856,Test (15% Chronological Holdout)
infra_materials,Infra_materials,Ridge Regularized,1h,12.09,34.91,57.13,52.53,0.2087,Test (15% Chronological Holdout)
infra_materials,Infra_materials,Gradient Boosted Trees,1h,22.95,29.11,269.52,99.7,0.4499,Test (15% Chronological Holdout)
infra_materials,Infra_materials,Naive Persistence,24h,21.75,53.85,113.67,94.84,-0.8807,Test (15% Chronological Holdout)
infra_materials,Infra_materials,Moving Average (24h),24h,22.59,48.96,165.67,98.53,-0.5544,Test (15% Chronological Holdout)
infra_materials,Infra_materials,Ridge Regularized,24h,20.09,46.46,143.93,87.6,-0.4,Test (15% Chronological Holdout)
infra_materials,Infra_materials,Gradient Boosted Trees,24h,37.72,46.75,397.34,164.51,-0.4172,Test (15% Chronological Holdout)
medical,Medical,Naive Persistence,1h,15.73,35.34,142.46,65.08,0.538,Test (15% Chronological Holdout)
medical,Medical,Moving Average (24h),1h,22.2,51.1,348.13,91.87,0.034,Test (15% Chronological Holdout)
medical,Medical,Ridge Regularized,1h,25.42,56.07,392.76,105.2,-0.163,Test (15% Chronological Holdout)
medical,Medical,Gradient Boosted Trees,1h,48.2,57.02,1370.0,199.49,-0.2028,Test (15% Chronological Holdout)
medical,Medical,Naive Persistence,24h,23.16,68.13,126.29,96.35,-0.7155,Test (15% Chronological Holdout)
medical,Medical,Moving Average (24h),24h,26.91,61.15,449.09,111.95,-0.3821,Test (15% Chronological Holdout)
medical,Medical,Ridge Regularized,24h,36.38,78.31,487.94,151.32,-1.2666,Test (15% Chronological Holdout)
medical,Medical,Gradient Boosted Trees,24h,74.9,82.25,1875.92,311.55,-1.5003,Test (15% Chronological Holdout)
medicines,Medicines,Naive Persistence,1h,105.29,237.51,142.28,65.42,0.5313,Test (15% Chronological Holdout)
medicines,Medicines,Moving Average (24h),1h,147.77,340.87,347.5,91.81,0.0347,Test (15% Chronological Holdout)
medicines,Medicines,Ridge Regularized,1h,263.93,544.02,754.25,163.99,-1.4588,Test (15% Chronological Holdout)
medicines,Medicines,Gradient Boosted Trees,1h,325.81,372.82,1407.33,202.44,-0.1548,Test (15% Chronological Holdout)
medicines,Medicines,Naive Persistence,24h,153.92,454.44,127.09,96.13,-0.7143,Test (15% Chronological Holdout)
medicines,Medicines,Moving Average (24h),24h,179.06,407.72,448.6,111.83,-0.3799,Test (15% Chronological Holdout)
medicines,Medicines,Ridge Regularized,24h,303.62,647.96,605.04,189.63,-2.4852,Test (15% Chronological Holdout)
medicines,Medicines,Gradient Boosted Trees,24h,492.87,543.64,1792.05,307.82,-1.4534,Test (15% Chronological Holdout)
sanitation,Sanitation,Naive Persistence,1h,38.7,84.82,56.59,42.14,0.706,Test (15% Chronological Holdout)
sanitation,Sanitation,Moving Average (24h),1h,65.41,149.46,116.68,71.22,0.0871,Test (15% Chronological Holdout)
sanitation,Sanitation,Ridge Regularized,1h,48.07,138.44,56.74,52.35,0.2167,Test (15% Chronological Holdout)
sanitation,Sanitation,Gradient Boosted Trees,1h,91.2,114.93,269.51,99.31,0.4602,Test (15% Chronological Holdout)
sanitation,Sanitation,Naive Persistence,24h,86.74,214.65,113.36,94.77,-0.8809,Test (15% Chronological Holdout)
sanitation,Sanitation,Moving Average (24h),24h,90.09,195.14,165.31,98.44,-0.5546,Test (15% Chronological Holdout)
sanitation,Sanitation,Ridge Regularized,24h,80.67,186.63,144.37,88.14,-0.4219,Test (15% Chronological Holdout)
sanitation,Sanitation,Gradient Boosted Trees,24h,150.09,185.84,391.56,163.98,-0.4099,Test (15% Chronological Holdout)
water,Water,Naive Persistence,1h,8258.17,12483.04,48.15,41.36,0.3782,Test (15% Chronological Holdout)
water,Water,Moving Average (24h),1h,10465.33,15702.5,80.15,52.42,0.016,Test (15% Chronological Holdout)
water,Water,Ridge Regularized,1h,7717.76,13255.09,41.23,38.66,0.2989,Test (15% Chronological Holdout)
water,Water,Gradient Boosted Trees,1h,10810.65,13522.52,107.4,54.15,0.2703,Test (15% Chronological Holdout)
water,Water,Naive Persistence,24h,9788.15,19024.3,49.49,49.31,-0.4354,Test (15% Chronological Holdout)
water,Water,Moving Average (24h),24h,12246.17,19068.83,93.14,61.69,-0.4422,Test (15% Chronological Holdout)
water,Water,Ridge Regularized,24h,8834.2,16321.41,52.79,44.5,-0.0565,Test (15% Chronological Holdout)
water,Water,Gradient Boosted Trees,24h,13661.41,16847.8,113.47,68.82,-0.1258,Test (15% Chronological Holdout)
